<?xml version="1.0" encoding="utf-8"?>
<OMRSheets>
  <OMRSheet Code="CS01" Descr="Class Test-Math/GA" >
    <SheetSize>A4</SheetSize>
    <NumofQuestion>120</NumofQuestion>
    <ActualWidth>1122</ActualWidth>
    <ActualHeight>1636</ActualHeight>
    <NumOfBlocks>15</NumOfBlocks>
    <Blocks>
      <Block Name ="Student No" BlockType="STUDENT_NO" MarkingDirection="V">
        <Items type="num">
          <Item>0</Item>
          <Item>1</Item>
          <Item>2</Item>
          <Item>3</Item>
          <Item>4</Item>
          <Item>5</Item>
          <Item>6</Item>
          <Item>7</Item>
          <Item>8</Item>
          <Item>9</Item>
        </Items>
        <X>29</X>
        <Y>295</Y>
        <Width>394</Width>
        <Height>293</Height>
        <NumofQuestion>8</NumofQuestion>
        <NumofSelection>10</NumofSelection>
        <SelectionStartingNumber>0</SelectionStartingNumber>
      </Block>
      <Block Name ="Test Type" BlockType="TEST_TYPE" MarkingDirection="V">
        <Items type="combo">
          <Item>Entrance</Item>
          <Item>Selective_Trial_Test</Item>
          <Item>Scholarship_Test</Item>
          <Item>OC_Trial_Test</Item>
          <Item>Class_Test</Item>
          <Item>DUMMY</Item>
          <Item>Blended_OCTT</Item>
          <Item>Blended_STT</Item>
        </Items>
        <X>441</X>
        <Y>295</Y>
        <Width>38</Width>
        <Height>236</Height>
        <NumofQuestion>1</NumofQuestion>
        <NumofSelection>8</NumofSelection>
        <SelectionStartingNumber>0</SelectionStartingNumber>
      </Block>
      <Block Name ="Test Subj" BlockType="SUBJECT" MarkingDirection="V">
        <Items type="multi">
          <Item>Maths</Item>
          <Item>GA</Item>
          <Item>Reading</Item>
          <Item>Voca</Item>
          <Item>TextType</Item>
          <Item>Part1</Item>
          <Item>Part2</Item>
          <Item>Science</Item>
          <Item>Others</Item>
        </Items>
        <X>601</X>
        <Y>295</Y>
        <Width>36</Width>
        <Height>261</Height>
        <NumofQuestion>1</NumofQuestion>
        <NumofSelection>9</NumofSelection>
        <SelectionStartingNumber>0</SelectionStartingNumber>
      </Block>
      <Block Name ="Test Level1" BlockType="TEST_LEVEL1" MarkingDirection="V" Group="TestLevel">
        <Items type="combo">
          <Item>Year1</Item>
          <Item>Year2</Item>
          <Item>Year3</Item>
          <Item>Year4</Item>
          <Item>Year5</Item>
          <Item>Year6</Item>
        </Items>
        <X>707</X>
        <Y>295</Y>
        <Width>37</Width>
        <Height>176</Height>
        <NumofQuestion>1</NumofQuestion>
        <NumofSelection>6</NumofSelection>
        <SelectionStartingNumber>0</SelectionStartingNumber>
      </Block>
      <Block Name ="Test Level2" BlockType="TEST_LEVEL2" MarkingDirection="V" Group="TestLevel">
        <Items type="combo">
          <Item>Year7</Item>
          <Item>Year8</Item>
          <Item>Year9</Item>
          <Item>Year10</Item>
          <Item>Year11</Item>
          <Item>Year12</Item>
        </Items>
        <X>791</X>
        <Y>295</Y>
        <Width>38</Width>
        <Height>176</Height>
        <NumofQuestion>1</NumofQuestion>
        <NumofSelection>6</NumofSelection>
        <SelectionStartingNumber>0</SelectionStartingNumber>
      </Block>
      <Block Name ="Test No" BlockType="TEST_NO" MarkingDirection="V">
        <Items type="num">
          <Item>0</Item>
          <Item>1</Item>
          <Item>2</Item>
          <Item>3</Item>
          <Item>4</Item>
          <Item>5</Item>
          <Item>6</Item>
          <Item>7</Item>
          <Item>8</Item>
          <Item>9</Item>
        </Items>
        <X>894</X>
        <Y>295</Y>
        <Width>87</Width>
        <Height>293</Height>
        <NumofQuestion>2</NumofQuestion>
        <NumofSelection>10</NumofSelection>
        <SelectionStartingNumber>0</SelectionStartingNumber>
      </Block>
      <Block Name ="Branch No" BlockType="BRANCH_NO" MarkingDirection="V">
        <Items type="num">
          <Item>0</Item>
          <Item>1</Item>
          <Item>2</Item>
          <Item>3</Item>
          <Item>4</Item>
          <Item>5</Item>
          <Item>6</Item>
          <Item>7</Item>
          <Item>8</Item>
          <Item>9</Item>
        </Items>
        <X>1001</X>
        <Y>295</Y>
        <Width>89</Width>
        <Height>293</Height>
        <NumofQuestion>2</NumofQuestion>
        <NumofSelection>10</NumofSelection>
        <SelectionStartingNumber>0</SelectionStartingNumber>
      </Block>

      <Block Name ="Answer 1" BlockType="ANSWER" MarkingDirection="H" Group="Maths" StartingQuestion="1">
        <Items type="num">
          <Item>1</Item>
          <Item>2</Item>
          <Item>3</Item>
          <Item>4</Item>
        </Items>
        <X>98</X>
        <Y>659</Y>
        <Width>193</Width>
        <Height>441</Height>
        <NumofQuestion>15</NumofQuestion>
        <NumofSelection>4</NumofSelection>
        <SelectionStartingNumber>1</SelectionStartingNumber>
      </Block>
      <Block Name ="Answer 2" BlockType="ANSWER" MarkingDirection="H" Group="Maths" StartingQuestion="16">
        <Items type="num">
          <Item>1</Item>
          <Item>2</Item>
          <Item>3</Item>
          <Item>4</Item>
        </Items>
        <X>363</X>
        <Y>659</Y>
        <Width>194</Width>
        <Height>441</Height>
        <NumofQuestion>15</NumofQuestion>
        <NumofSelection>4</NumofSelection>
        <SelectionStartingNumber>1</SelectionStartingNumber>
      </Block>
      <Block Name ="Answer 3" BlockType="ANSWER" MarkingDirection="H" Group="Maths" StartingQuestion="31">
        <Items type="num">
          <Item>1</Item>
          <Item>2</Item>
          <Item>3</Item>
          <Item>4</Item>
        </Items>
        <X>629</X>
        <Y>659</Y>
        <Width>194</Width>
        <Height>441</Height>
        <NumofQuestion>15</NumofQuestion>
        <NumofSelection>4</NumofSelection>
        <SelectionStartingNumber>1</SelectionStartingNumber>
      </Block>
      <Block Name ="Answer 4" BlockType="ANSWER" MarkingDirection="H" Group="Maths" StartingQuestion="46">
        <Items type="num">
          <Item>1</Item>
          <Item>2</Item>
          <Item>3</Item>
          <Item>4</Item>
        </Items>
        <X>895</X>
        <Y>659</Y>
        <Width>194</Width>
        <Height>441</Height>
        <NumofQuestion>15</NumofQuestion>
        <NumofSelection>4</NumofSelection>
        <SelectionStartingNumber>1</SelectionStartingNumber>
      </Block>

      <Block Name ="Answer 5" BlockType="ANSWER" MarkingDirection="H" Group="GA" StartingQuestion="1">
        <Items type="num">
          <Item>1</Item>
          <Item>2</Item>
          <Item>3</Item>
          <Item>4</Item>
        </Items>
        <X>98</X>
        <Y>1171</Y>
        <Width>193</Width>
        <Height>443</Height>
        <NumofQuestion>15</NumofQuestion>
        <NumofSelection>4</NumofSelection>
        <SelectionStartingNumber>1</SelectionStartingNumber>
      </Block>
      <Block Name ="Answer 6" BlockType="ANSWER" MarkingDirection="H" Group="GA" StartingQuestion="16">
        <Items type="num">
          <Item>1</Item>
          <Item>2</Item>
          <Item>3</Item>
          <Item>4</Item>
        </Items>
        <X>363</X>
        <Y>1171</Y>
        <Width>194</Width>
        <Height>443</Height>
        <NumofQuestion>15</NumofQuestion>
        <NumofSelection>4</NumofSelection>
        <SelectionStartingNumber>1</SelectionStartingNumber>
      </Block>
      <Block Name ="Answer 7" BlockType="ANSWER" MarkingDirection="H" Group="GA" StartingQuestion="31">
        <Items type="num">
          <Item>1</Item>
          <Item>2</Item>
          <Item>3</Item>
          <Item>4</Item>
        </Items>
        <X>629</X>
        <Y>1171</Y>
        <Width>194</Width>
        <Height>443</Height>
        <NumofQuestion>15</NumofQuestion>
        <NumofSelection>4</NumofSelection>
        <SelectionStartingNumber>1</SelectionStartingNumber>
      </Block>
      <Block Name ="Answer 8" BlockType="ANSWER" MarkingDirection="H" Group="GA" StartingQuestion="46">
        <Items type="num">
          <Item>1</Item>
          <Item>2</Item>
          <Item>3</Item>
          <Item>4</Item>
        </Items>
        <X>895</X>
        <Y>1171</Y>
        <Width>194</Width>
        <Height>443</Height>
        <NumofQuestion>15</NumofQuestion>
        <NumofSelection>4</NumofSelection>
        <SelectionStartingNumber>1</SelectionStartingNumber>
      </Block>
    
    </Blocks>

  </OMRSheet>

  <OMRSheet Code="CS02" Descr="Class Test-English" >
    <SheetSize>A4</SheetSize>
    <NumofQuestion>120</NumofQuestion>
    <ActualWidth>1122</ActualWidth>
    <ActualHeight>1636</ActualHeight>
    <NumOfBlocks>15</NumOfBlocks>

    <Blocks>
      <Block Name ="Student No" BlockType="STUDENT_NO" MarkingDirection="V">
        <Items type="num">
          <Item>0</Item>
          <Item>1</Item>
          <Item>2</Item>
          <Item>3</Item>
          <Item>4</Item>
          <Item>5</Item>
          <Item>6</Item>
          <Item>7</Item>
          <Item>8</Item>
          <Item>9</Item>
        </Items>
        <X>29</X>
        <Y>295</Y>
        <Width>394</Width>
        <Height>293</Height>
        <NumofQuestion>8</NumofQuestion>
        <NumofSelection>10</NumofSelection>
        <SelectionStartingNumber>0</SelectionStartingNumber>
      </Block>
      <Block Name ="Test Type" BlockType="TEST_TYPE" MarkingDirection="V">
        <Items type="combo">
          <Item>Entrance</Item>
          <Item>Selective_Trial_Test</Item>
          <Item>Scholarship_Test</Item>
          <Item>OC_Trial_Test</Item>
          <Item>Class_Test</Item>
          <Item>DUMMY</Item>
          <Item>Blended_OCTT</Item>
          <Item>Blended_STT</Item>
        </Items>
        <X>441</X>
        <Y>295</Y>
        <Width>38</Width>
        <Height>236</Height>
        <NumofQuestion>1</NumofQuestion>
        <NumofSelection>8</NumofSelection>
        <SelectionStartingNumber>0</SelectionStartingNumber>
      </Block>
      <Block Name ="Test Subj" BlockType="SUBJECT" MarkingDirection="V">
        <Items type="multi">
          <Item>Maths</Item>
          <Item>GA</Item>
          <Item>Reading</Item>
          <Item>Voca</Item>
          <Item>TextType</Item>
          <Item>Part1</Item>
          <Item>Part2</Item>
          <Item>Science</Item>
          <Item>Others</Item>
        </Items>
        <X>601</X>
        <Y>295</Y>
        <Width>36</Width>
        <Height>261</Height>
        <NumofQuestion>1</NumofQuestion>
        <NumofSelection>9</NumofSelection>
        <SelectionStartingNumber>0</SelectionStartingNumber>
      </Block>
      <Block Name ="Test Level1" BlockType="TEST_LEVEL1" MarkingDirection="V" Group="TestLevel">
        <Items type="combo">
          <Item>Year1</Item>
          <Item>Year2</Item>
          <Item>Year3</Item>
          <Item>Year4</Item>
          <Item>Year5</Item>
          <Item>Year6</Item>
        </Items>
        <X>707</X>
        <Y>295</Y>
        <Width>37</Width>
        <Height>176</Height>
        <NumofQuestion>1</NumofQuestion>
        <NumofSelection>6</NumofSelection>
        <SelectionStartingNumber>0</SelectionStartingNumber>
      </Block>
      <Block Name ="Test Level2" BlockType="TEST_LEVEL2" MarkingDirection="V" Group="TestLevel">
        <Items type="combo">
          <Item>Year7</Item>
          <Item>Year8</Item>
          <Item>Year9</Item>
          <Item>Year10</Item>
          <Item>Year11</Item>
          <Item>Year12</Item>
        </Items>
        <X>791</X>
        <Y>295</Y>
        <Width>38</Width>
        <Height>176</Height>
        <NumofQuestion>1</NumofQuestion>
        <NumofSelection>6</NumofSelection>
        <SelectionStartingNumber>0</SelectionStartingNumber>
      </Block>
      <Block Name ="Test No" BlockType="TEST_NO" MarkingDirection="V">
        <Items type="num">
          <Item>0</Item>
          <Item>1</Item>
          <Item>2</Item>
          <Item>3</Item>
          <Item>4</Item>
          <Item>5</Item>
          <Item>6</Item>
          <Item>7</Item>
          <Item>8</Item>
          <Item>9</Item>
        </Items>
        <X>894</X>
        <Y>295</Y>
        <Width>87</Width>
        <Height>293</Height>
        <NumofQuestion>2</NumofQuestion>
        <NumofSelection>10</NumofSelection>
        <SelectionStartingNumber>0</SelectionStartingNumber>
      </Block>
      <Block Name ="Branch No" BlockType="BRANCH_NO" MarkingDirection="V">
        <Items type="num">
          <Item>0</Item>
          <Item>1</Item>
          <Item>2</Item>
          <Item>3</Item>
          <Item>4</Item>
          <Item>5</Item>
          <Item>6</Item>
          <Item>7</Item>
          <Item>8</Item>
          <Item>9</Item>
        </Items>
        <X>1001</X>
        <Y>295</Y>
        <Width>89</Width>
        <Height>293</Height>
        <NumofQuestion>2</NumofQuestion>
        <NumofSelection>10</NumofSelection>
        <SelectionStartingNumber>0</SelectionStartingNumber>
      </Block>

      <Block Name ="Answer 1" BlockType="ANSWER" MarkingDirection="H" Group="Reading"  StartingQuestion="1">
        <Items type="num">
          <Item>1</Item>
          <Item>2</Item>
          <Item>3</Item>
          <Item>4</Item>
        </Items>
        <X>98</X>
        <Y>659</Y>
        <Width>193</Width>
        <Height>441</Height>
        <NumofQuestion>15</NumofQuestion>
        <NumofSelection>4</NumofSelection>
        <SelectionStartingNumber>1</SelectionStartingNumber>
      </Block>
      <Block Name ="Answer 2" BlockType="ANSWER" MarkingDirection="H" Group="Reading"  StartingQuestion="16">
        <Items type="num">
          <Item>1</Item>
          <Item>2</Item>
          <Item>3</Item>
          <Item>4</Item>
        </Items>
        <X>363</X>
        <Y>659</Y>
        <Width>194</Width>
        <Height>441</Height>
        <NumofQuestion>15</NumofQuestion>
        <NumofSelection>4</NumofSelection>
        <SelectionStartingNumber>1</SelectionStartingNumber>
      </Block>
      <Block Name ="Answer 3" BlockType="ANSWER" MarkingDirection="H" Group="Reading"  StartingQuestion="31">
        <Items type="num">
          <Item>1</Item>
          <Item>2</Item>
          <Item>3</Item>
          <Item>4</Item>
        </Items>
        <X>629</X>
        <Y>659</Y>
        <Width>194</Width>
        <Height>441</Height>
        <NumofQuestion>15</NumofQuestion>
        <NumofSelection>4</NumofSelection>
        <SelectionStartingNumber>1</SelectionStartingNumber>
      </Block>
      <Block Name ="Answer 4" BlockType="ANSWER" MarkingDirection="H" Group="Reading"  StartingQuestion="46">
        <Items type="num">
          <Item>1</Item>
          <Item>2</Item>
          <Item>3</Item>
          <Item>4</Item>
        </Items>
        <X>895</X>
        <Y>659</Y>
        <Width>194</Width>
        <Height>441</Height>
        <NumofQuestion>15</NumofQuestion>
        <NumofSelection>4</NumofSelection>
        <SelectionStartingNumber>1</SelectionStartingNumber>
      </Block>

      <Block Name ="Answer 5" BlockType="ANSWER" MarkingDirection="H" Group="VOCA"  StartingQuestion="1">
        <Items type="num">
          <Item>1</Item>
          <Item>2</Item>
          <Item>3</Item>
          <Item>4</Item>
          <Item>5</Item>
        </Items>
        <X>98</X>
        <Y>1171</Y>
        <Width>193</Width>
        <Height>443</Height>
        <NumofQuestion>15</NumofQuestion>
        <NumofSelection>5</NumofSelection>
        <SelectionStartingNumber>1</SelectionStartingNumber>
      </Block>
      <Block Name ="Answer 6" BlockType="ANSWER" MarkingDirection="H" Group="VOCA"  StartingQuestion="16">
        <Items type="num">
          <Item>1</Item>
          <Item>2</Item>
          <Item>3</Item>
          <Item>4</Item>
          <Item>5</Item>
        </Items>
        <X>363</X>
        <Y>1171</Y>
        <Width>194</Width>
        <Height>443</Height>
        <NumofQuestion>15</NumofQuestion>
        <NumofSelection>5</NumofSelection>
        <SelectionStartingNumber>1</SelectionStartingNumber>
      </Block>
      <Block Name ="Answer 7" BlockType="ANSWER" MarkingDirection="H" Group="VOCA"  StartingQuestion="31">
        <Items type="num">
          <Item>1</Item>
          <Item>2</Item>
          <Item>3</Item>
          <Item>4</Item>
          <Item>5</Item>
        </Items>
        <X>629</X>
        <Y>1171</Y>
        <Width>194</Width>
        <Height>443</Height>
        <NumofQuestion>15</NumofQuestion>
        <NumofSelection>5</NumofSelection>
        <SelectionStartingNumber>1</SelectionStartingNumber>
      </Block>
      <Block Name ="Answer 8" BlockType="ANSWER" MarkingDirection="H" Group="VOCA"  StartingQuestion="46">
        <Items type="num">
          <Item>1</Item>
          <Item>2</Item>
          <Item>3</Item>
          <Item>4</Item>
          <Item>5</Item>
        </Items>
        <X>895</X>
        <Y>1171</Y>
        <Width>194</Width>
        <Height>443</Height>
        <NumofQuestion>15</NumofQuestion>
        <NumofSelection>5</NumofSelection>
        <SelectionStartingNumber>1</SelectionStartingNumber>
      </Block>

    </Blocks>

  </OMRSheet>

  <OMRSheet Code="CS03" Descr="Writing" >
    <SheetSize>A4</SheetSize>
    <NumofQuestion>0</NumofQuestion>
    <ActualWidth>1122</ActualWidth>
    <ActualHeight>1636</ActualHeight>
    <NumOfBlocks>8</NumOfBlocks>

    <Blocks>
      <Block Name ="Student No" BlockType="STUDENT_NO" MarkingDirection="V">
        <Items type="num">
          <Item>0</Item>
          <Item>1</Item>
          <Item>2</Item>
          <Item>3</Item>
          <Item>4</Item>
          <Item>5</Item>
          <Item>6</Item>
          <Item>7</Item>
          <Item>8</Item>
          <Item>9</Item>
        </Items>
        <X>29</X>
        <Y>295</Y>
        <Width>394</Width>
        <Height>293</Height>
        <NumofQuestion>8</NumofQuestion>
        <NumofSelection>10</NumofSelection>
        <SelectionStartingNumber>0</SelectionStartingNumber>
      </Block>
      <Block Name ="Test Type" BlockType="TEST_TYPE" MarkingDirection="V">
        <Items type="combo">
          <Item>Entrance</Item>
          <Item>Selective_Trial_Test</Item>
          <Item>Scholarship_Test</Item>
          <Item>OC_Trial_Test</Item>
          <Item>Class_Test</Item>
          <Item>DUMMY</Item>
          <Item>Blended_OCTT</Item>
          <Item>Blended_STT</Item>
        </Items>
        <X>456</X>
        <Y>295</Y>
        <Width>38</Width>
        <Height>236</Height>
        <NumofQuestion>1</NumofQuestion>
        <NumofSelection>8</NumofSelection>
        <SelectionStartingNumber>0</SelectionStartingNumber>
      </Block>
      <Block Name ="Test Level1" BlockType="TEST_LEVEL1" MarkingDirection="V" Group="TestLevel">
        <Items type="combo">
          <Item>Year1</Item>
          <Item>Year2</Item>
          <Item>Year3</Item>
          <Item>Year4</Item>
          <Item>Year5</Item>
          <Item>Year6</Item>
        </Items>
        <X>707</X>
        <Y>295</Y>
        <Width>37</Width>
        <Height>176</Height>
        <NumofQuestion>1</NumofQuestion>
        <NumofSelection>6</NumofSelection>
        <SelectionStartingNumber>0</SelectionStartingNumber>
      </Block>
      <Block Name ="Test Level2" BlockType="TEST_LEVEL2" MarkingDirection="V" Group="TestLevel">
        <Items type="combo">
          <Item>Year7</Item>
          <Item>Year8</Item>
          <Item>Year9</Item>
          <Item>Year10</Item>
          <Item>Year11</Item>
          <Item>Year12</Item>
        </Items>
        <X>791</X>
        <Y>295</Y>
        <Width>38</Width>
        <Height>176</Height>
        <NumofQuestion>1</NumofQuestion>
        <NumofSelection>6</NumofSelection>
        <SelectionStartingNumber>0</SelectionStartingNumber>
      </Block>
      <Block Name ="Test No" BlockType="TEST_NO" MarkingDirection="V">
        <Items type="num">
          <Item>0</Item>
          <Item>1</Item>
          <Item>2</Item>
          <Item>3</Item>
          <Item>4</Item>
          <Item>5</Item>
          <Item>6</Item>
          <Item>7</Item>
          <Item>8</Item>
          <Item>9</Item>
        </Items>
        <X>894</X>
        <Y>295</Y>
        <Width>87</Width>
        <Height>293</Height>
        <NumofQuestion>2</NumofQuestion>
        <NumofSelection>10</NumofSelection>
        <SelectionStartingNumber>0</SelectionStartingNumber>
      </Block>
      <Block Name ="Branch No" BlockType="BRANCH_NO" MarkingDirection="V">
        <Items type="num">
          <Item>0</Item>
          <Item>1</Item>
          <Item>2</Item>
          <Item>3</Item>
          <Item>4</Item>
          <Item>5</Item>
          <Item>6</Item>
          <Item>7</Item>
          <Item>8</Item>
          <Item>9</Item>
        </Items>
        <X>1001</X>
        <Y>295</Y>
        <Width>89</Width>
        <Height>293</Height>
        <NumofQuestion>2</NumofQuestion>
        <NumofSelection>10</NumofSelection>
        <SelectionStartingNumber>0</SelectionStartingNumber>
      </Block>
      <Block Name ="Marking Guide" BlockType="GUIDE" MarkingDirection="H"  StartingQuestion="0">
        <Items type="num">
          <Item>0</Item>
          <Item>1</Item>
          <Item>2</Item>
          <Item>3</Item>
          <Item>4</Item>
          <Item>5</Item>
          <Item>6</Item>
        </Items>
        <X>381</X>
        <Y>659</Y>
        <Width>336</Width>
        <Height>202</Height>
        <NumofQuestion>7</NumofQuestion>
        <NumofSelection>7</NumofSelection>
        <SelectionStartingNumber>0</SelectionStartingNumber>
      </Block>
      <Block Name ="Total Score" BlockType="TOTALSCORE" MarkingDirection="V"  StartingQuestion="1">
        <Items type="num">
          <Item>0</Item>
          <Item>1</Item>
          <Item>2</Item>
          <Item>3</Item>
          <Item>4</Item>
          <Item>5</Item>
          <Item>6</Item>
          <Item>7</Item>
          <Item>8</Item>
          <Item>9</Item>
        </Items>
        <X>790</X>
        <Y>659</Y>
        <Width>88</Width>
        <Height>292</Height>
        <NumofQuestion>2</NumofQuestion>
        <NumofSelection>10</NumofSelection>
        <SelectionStartingNumber>0</SelectionStartingNumber>
      </Block>
    </Blocks>

  </OMRSheet>
  
  
  <OMRSheet Code="CS11" Descr="Maths.R, Thinking Skills" >
    <SheetSize>A4</SheetSize>
    <NumofQuestion>120</NumofQuestion>
    <ActualWidth>1122</ActualWidth>
    <ActualHeight>1636</ActualHeight>
    <NumOfBlocks>15</NumOfBlocks>
    <Blocks>
      <Block Name ="Student No" BlockType="STUDENT_NO" MarkingDirection="V">
        <Items type="num">
          <Item>0</Item>
          <Item>1</Item>
          <Item>2</Item>
          <Item>3</Item>
          <Item>4</Item>
          <Item>5</Item>
          <Item>6</Item>
          <Item>7</Item>
          <Item>8</Item>
          <Item>9</Item>
        </Items>
        <X>29</X>
        <Y>295</Y>
        <Width>394</Width>
        <Height>293</Height>
        <NumofQuestion>8</NumofQuestion>
        <NumofSelection>10</NumofSelection>
        <SelectionStartingNumber>0</SelectionStartingNumber>
      </Block>
      <Block Name ="Test Type" BlockType="TEST_TYPE" MarkingDirection="V">
        <Items type="combo">
          <Item>Entrance</Item>
          <Item>Selective_Trial_Test</Item>
          <Item>Scholarship_Test</Item>
          <Item>OC_Trial_Test</Item>
          <Item>Class_Test</Item>
          <Item>DUMMY</Item>
          <Item>Blended_OCTT</Item>
          <Item>Blended_STT</Item>
        </Items>
        <X>441</X>
        <Y>295</Y>
        <Width>38</Width>
        <Height>236</Height>
        <NumofQuestion>1</NumofQuestion>
        <NumofSelection>8</NumofSelection>
        <SelectionStartingNumber>0</SelectionStartingNumber>
      </Block>
      <Block Name ="Test Subj" BlockType="SUBJECT" MarkingDirection="V">
        <Items type="multi">
          <Item>Maths</Item>
          <Item>Thinking</Item>
          <Item>Reading</Item>
          <Item>Voca</Item>
          <Item>TextType</Item>
          <Item>Part1</Item>
          <Item>Part2</Item>
          <Item>Science</Item>
          <Item>Others</Item>
        </Items>
        <X>601</X>
        <Y>295</Y>
        <Width>36</Width>
        <Height>261</Height>
        <NumofQuestion>1</NumofQuestion>
        <NumofSelection>9</NumofSelection>
        <SelectionStartingNumber>0</SelectionStartingNumber>
      </Block>
      <Block Name ="Test Level1" BlockType="TEST_LEVEL1" MarkingDirection="V" Group="TestLevel">
        <Items type="combo">
          <Item>Year1</Item>
          <Item>Year2</Item>
          <Item>Year3</Item>
          <Item>Year4</Item>
          <Item>Year5</Item>
          <Item>Year6</Item>
        </Items>
        <X>707</X>
        <Y>295</Y>
        <Width>37</Width>
        <Height>176</Height>
        <NumofQuestion>1</NumofQuestion>
        <NumofSelection>6</NumofSelection>
        <SelectionStartingNumber>0</SelectionStartingNumber>
      </Block>
      <Block Name ="Test Level2" BlockType="TEST_LEVEL2" MarkingDirection="V" Group="TestLevel">
        <Items type="combo">
          <Item>Year7</Item>
          <Item>Year8</Item>
          <Item>Year9</Item>
          <Item>Year10</Item>
          <Item>Year11</Item>
          <Item>Year12</Item>
        </Items>
        <X>791</X>
        <Y>295</Y>
        <Width>38</Width>
        <Height>176</Height>
        <NumofQuestion>1</NumofQuestion>
        <NumofSelection>6</NumofSelection>
        <SelectionStartingNumber>0</SelectionStartingNumber>
      </Block>
      <Block Name ="Test No" BlockType="TEST_NO" MarkingDirection="V">
        <Items type="num">
          <Item>0</Item>
          <Item>1</Item>
          <Item>2</Item>
          <Item>3</Item>
          <Item>4</Item>
          <Item>5</Item>
          <Item>6</Item>
          <Item>7</Item>
          <Item>8</Item>
          <Item>9</Item>
        </Items>
        <X>894</X>
        <Y>295</Y>
        <Width>87</Width>
        <Height>293</Height>
        <NumofQuestion>2</NumofQuestion>
        <NumofSelection>10</NumofSelection>
        <SelectionStartingNumber>0</SelectionStartingNumber>
      </Block>
      <Block Name ="Branch No" BlockType="BRANCH_NO" MarkingDirection="V">
        <Items type="num">
          <Item>0</Item>
          <Item>1</Item>
          <Item>2</Item>
          <Item>3</Item>
          <Item>4</Item>
          <Item>5</Item>
          <Item>6</Item>
          <Item>7</Item>
          <Item>8</Item>
          <Item>9</Item>
        </Items>
        <X>1001</X>
        <Y>295</Y>
        <Width>89</Width>
        <Height>293</Height>
        <NumofQuestion>2</NumofQuestion>
        <NumofSelection>10</NumofSelection>
        <SelectionStartingNumber>0</SelectionStartingNumber>
      </Block>

      <Block Name ="Answer 1" BlockType="ANSWER" MarkingDirection="H" Group="Maths" StartingQuestion="1">
        <Items type="num">
          <Item>1</Item>
          <Item>2</Item>
          <Item>3</Item>
          <Item>4</Item>
		  <Item>5</Item>
        </Items>
        <X>98</X>
        <Y>659</Y>
        <Width>193</Width>
        <Height>441</Height>
        <NumofQuestion>15</NumofQuestion>
        <NumofSelection>5</NumofSelection>
        <SelectionStartingNumber>1</SelectionStartingNumber>
      </Block>
      <Block Name ="Answer 2" BlockType="ANSWER" MarkingDirection="H" Group="Maths" StartingQuestion="16">
        <Items type="num">
          <Item>1</Item>
          <Item>2</Item>
          <Item>3</Item>
          <Item>4</Item>
		  <Item>5</Item>
        </Items>
        <X>363</X>
        <Y>659</Y>
        <Width>194</Width>
        <Height>441</Height>
        <NumofQuestion>15</NumofQuestion>
        <NumofSelection>5</NumofSelection>
        <SelectionStartingNumber>1</SelectionStartingNumber>
      </Block>
      <Block Name ="Answer 3" BlockType="ANSWER" MarkingDirection="H" Group="Maths" StartingQuestion="31">
        <Items type="num">
          <Item>1</Item>
          <Item>2</Item>
          <Item>3</Item>
          <Item>4</Item>
		  <Item>5</Item>
        </Items>
        <X>629</X>
        <Y>659</Y>
        <Width>194</Width>
        <Height>441</Height>
        <NumofQuestion>15</NumofQuestion>
        <NumofSelection>5</NumofSelection>
        <SelectionStartingNumber>1</SelectionStartingNumber>
      </Block>
      <Block Name ="Answer 4" BlockType="ANSWER" MarkingDirection="H" Group="Maths" StartingQuestion="46">
        <Items type="num">
          <Item>1</Item>
          <Item>2</Item>
          <Item>3</Item>
          <Item>4</Item>
		  <Item>5</Item>
        </Items>
        <X>895</X>
        <Y>659</Y>
        <Width>194</Width>
        <Height>441</Height>
        <NumofQuestion>15</NumofQuestion>
        <NumofSelection>5</NumofSelection>
        <SelectionStartingNumber>1</SelectionStartingNumber>
      </Block>

      <Block Name ="Answer 5" BlockType="ANSWER" MarkingDirection="H" Group="GA" StartingQuestion="1">
        <Items type="num">
          <Item>1</Item>
          <Item>2</Item>
          <Item>3</Item>
          <Item>4</Item>
        </Items>
        <X>98</X>
        <Y>1171</Y>
        <Width>193</Width>
        <Height>443</Height>
        <NumofQuestion>15</NumofQuestion>
        <NumofSelection>4</NumofSelection>
        <SelectionStartingNumber>1</SelectionStartingNumber>
      </Block>
      <Block Name ="Answer 6" BlockType="ANSWER" MarkingDirection="H" Group="GA" StartingQuestion="16">
        <Items type="num">
          <Item>1</Item>
          <Item>2</Item>
          <Item>3</Item>
          <Item>4</Item>
        </Items>
        <X>363</X>
        <Y>1171</Y>
        <Width>194</Width>
        <Height>443</Height>
        <NumofQuestion>15</NumofQuestion>
        <NumofSelection>4</NumofSelection>
        <SelectionStartingNumber>1</SelectionStartingNumber>
      </Block>
      <Block Name ="Answer 7" BlockType="ANSWER" MarkingDirection="H" Group="GA" StartingQuestion="31">
        <Items type="num">
          <Item>1</Item>
          <Item>2</Item>
          <Item>3</Item>
          <Item>4</Item>
        </Items>
        <X>629</X>
        <Y>1171</Y>
        <Width>194</Width>
        <Height>443</Height>
        <NumofQuestion>15</NumofQuestion>
        <NumofSelection>4</NumofSelection>
        <SelectionStartingNumber>1</SelectionStartingNumber>
      </Block>
      <Block Name ="Answer 8" BlockType="ANSWER" MarkingDirection="H" Group="GA" StartingQuestion="46">
        <Items type="num">
          <Item>1</Item>
          <Item>2</Item>
          <Item>3</Item>
          <Item>4</Item>
        </Items>
        <X>895</X>
        <Y>1171</Y>
        <Width>194</Width>
        <Height>443</Height>
        <NumofQuestion>15</NumofQuestion>
        <NumofSelection>4</NumofSelection>
        <SelectionStartingNumber>1</SelectionStartingNumber>
      </Block>
    
    </Blocks>

  </OMRSheet>

  <OMRSheet Code="CS12" Descr="Reading Skills" >
    <SheetSize>A4</SheetSize>
    <NumofQuestion>120</NumofQuestion>
    <ActualWidth>1122</ActualWidth>
    <ActualHeight>1636</ActualHeight>
    <NumOfBlocks>14</NumOfBlocks>

    <Blocks>
      <Block Name ="Student No" BlockType="STUDENT_NO" MarkingDirection="V">
        <Items type="num">
          <Item>0</Item>
          <Item>1</Item>
          <Item>2</Item>
          <Item>3</Item>
          <Item>4</Item>
          <Item>5</Item>
          <Item>6</Item>
          <Item>7</Item>
          <Item>8</Item>
          <Item>9</Item>
        </Items>
        <X>29</X>
        <Y>295</Y>
        <Width>394</Width>
        <Height>293</Height>
        <NumofQuestion>8</NumofQuestion>
        <NumofSelection>10</NumofSelection>
        <SelectionStartingNumber>0</SelectionStartingNumber>
      </Block>
      <Block Name ="Test Type" BlockType="TEST_TYPE" MarkingDirection="V">
        <Items type="combo">
          <Item>Entrance</Item>
          <Item>Selective_Trial_Test</Item>
          <Item>Scholarship_Test</Item>
          <Item>OC_Trial_Test</Item>
          <Item>Class_Test</Item>
          <Item>DUMMY</Item>
          <Item>Blended_OCTT</Item>
          <Item>Blended_STT</Item>
        </Items>
        <X>441</X>
        <Y>295</Y>
        <Width>38</Width>
        <Height>236</Height>
        <NumofQuestion>1</NumofQuestion>
        <NumofSelection>8</NumofSelection>
        <SelectionStartingNumber>0</SelectionStartingNumber>
      </Block>
      <Block Name ="Test Subj" BlockType="SUBJECT" MarkingDirection="V">
        <Items type="multi">
          <Item>Maths</Item>
          <Item>Thinking</Item>
          <Item>Reading</Item>
          <Item>Voca</Item>
          <Item>TextType</Item>
          <Item>Part1</Item>
          <Item>Part2</Item>
          <Item>Science</Item>
          <Item>Others</Item>
        </Items>
        <X>601</X>
        <Y>295</Y>
        <Width>36</Width>
        <Height>261</Height>
        <NumofQuestion>1</NumofQuestion>
        <NumofSelection>9</NumofSelection>
        <SelectionStartingNumber>0</SelectionStartingNumber>
      </Block>
      <Block Name ="Test Level1" BlockType="TEST_LEVEL1" MarkingDirection="V" Group="TestLevel">
        <Items type="combo">
          <Item>Year1</Item>
          <Item>Year2</Item>
          <Item>Year3</Item>
          <Item>Year4</Item>
          <Item>Year5</Item>
          <Item>Year6</Item>
        </Items>
        <X>707</X>
        <Y>295</Y>
        <Width>37</Width>
        <Height>176</Height>
        <NumofQuestion>1</NumofQuestion>
        <NumofSelection>6</NumofSelection>
        <SelectionStartingNumber>0</SelectionStartingNumber>
      </Block>
      <Block Name ="Test Level2" BlockType="TEST_LEVEL2" MarkingDirection="V" Group="TestLevel">
        <Items type="combo">
          <Item>Year7</Item>
          <Item>Year8</Item>
          <Item>Year9</Item>
          <Item>Year10</Item>
          <Item>Year11</Item>
          <Item>Year12</Item>
        </Items>
        <X>791</X>
        <Y>295</Y>
        <Width>38</Width>
        <Height>176</Height>
        <NumofQuestion>1</NumofQuestion>
        <NumofSelection>6</NumofSelection>
        <SelectionStartingNumber>0</SelectionStartingNumber>
      </Block>
      <Block Name ="Test No" BlockType="TEST_NO" MarkingDirection="V">
        <Items type="num">
          <Item>0</Item>
          <Item>1</Item>
          <Item>2</Item>
          <Item>3</Item>
          <Item>4</Item>
          <Item>5</Item>
          <Item>6</Item>
          <Item>7</Item>
          <Item>8</Item>
          <Item>9</Item>
        </Items>
        <X>894</X>
        <Y>295</Y>
        <Width>87</Width>
        <Height>293</Height>
        <NumofQuestion>2</NumofQuestion>
        <NumofSelection>10</NumofSelection>
        <SelectionStartingNumber>0</SelectionStartingNumber>
      </Block>
      <Block Name ="Branch No" BlockType="BRANCH_NO" MarkingDirection="V">
        <Items type="num">
          <Item>0</Item>
          <Item>1</Item>
          <Item>2</Item>
          <Item>3</Item>
          <Item>4</Item>
          <Item>5</Item>
          <Item>6</Item>
          <Item>7</Item>
          <Item>8</Item>
          <Item>9</Item>
        </Items>
        <X>1001</X>
        <Y>295</Y>
        <Width>89</Width>
        <Height>293</Height>
        <NumofQuestion>2</NumofQuestion>
        <NumofSelection>10</NumofSelection>
        <SelectionStartingNumber>0</SelectionStartingNumber>
      </Block>

      <Block Name ="Answer 1" BlockType="ANSWER" MarkingDirection="H" Group="Reading"  StartingQuestion="1">
        <Items type="num">
          <Item>1</Item>
          <Item>2</Item>
          <Item>3</Item>
          <Item>4</Item>
          <Item>5</Item>
          <Item>6</Item>
          <Item>7</Item>
        </Items>
        <X>98</X>
        <Y>659</Y>
        <Width>282</Width>
        <Height>441</Height>
        <NumofQuestion>15</NumofQuestion>
        <NumofSelection>7</NumofSelection>
        <SelectionStartingNumber>1</SelectionStartingNumber>
      </Block>
      <Block Name ="Answer 2" BlockType="ANSWER" MarkingDirection="H" Group="Reading"  StartingQuestion="16">
        <Items type="num">
          <Item>1</Item>
          <Item>2</Item>
          <Item>3</Item>
          <Item>4</Item>
          <Item>5</Item>
          <Item>6</Item>
          <Item>7</Item>
        </Items>
        <X>452</X>
        <Y>659</Y>
        <Width>283</Width>
        <Height>441</Height>
        <NumofQuestion>15</NumofQuestion>
        <NumofSelection>7</NumofSelection>
        <SelectionStartingNumber>1</SelectionStartingNumber>
      </Block>
      <Block Name ="Answer 3" BlockType="ANSWER" MarkingDirection="H" Group="Reading"  StartingQuestion="31">
        <Items type="num">
          <Item>1</Item>
          <Item>2</Item>
          <Item>3</Item>
          <Item>4</Item>
          <Item>5</Item>
          <Item>6</Item>
          <Item>7</Item>
        </Items>
        <X>807</X>
        <Y>659</Y>
        <Width>282</Width>
        <Height>441</Height>
        <NumofQuestion>15</NumofQuestion>
        <NumofSelection>7</NumofSelection>
        <SelectionStartingNumber>1</SelectionStartingNumber>
      </Block>

      <Block Name ="Answer 5" BlockType="ANSWER" MarkingDirection="H" Group="VOCA"  StartingQuestion="1">
        <Items type="num">
          <Item>1</Item>
          <Item>2</Item>
          <Item>3</Item>
          <Item>4</Item>
          <Item>5</Item>
        </Items>
        <X>98</X>
        <Y>1171</Y>
        <Width>193</Width>
        <Height>443</Height>
        <NumofQuestion>15</NumofQuestion>
        <NumofSelection>5</NumofSelection>
        <SelectionStartingNumber>1</SelectionStartingNumber>
      </Block>
      <Block Name ="Answer 6" BlockType="ANSWER" MarkingDirection="H" Group="VOCA"  StartingQuestion="16">
        <Items type="num">
          <Item>1</Item>
          <Item>2</Item>
          <Item>3</Item>
          <Item>4</Item>
          <Item>5</Item>
        </Items>
        <X>363</X>
        <Y>1171</Y>
        <Width>194</Width>
        <Height>443</Height>
        <NumofQuestion>15</NumofQuestion>
        <NumofSelection>5</NumofSelection>
        <SelectionStartingNumber>1</SelectionStartingNumber>
      </Block>
      <Block Name ="Answer 7" BlockType="ANSWER" MarkingDirection="H" Group="VOCA"  StartingQuestion="31">
        <Items type="num">
          <Item>1</Item>
          <Item>2</Item>
          <Item>3</Item>
          <Item>4</Item>
          <Item>5</Item>
        </Items>
        <X>629</X>
        <Y>1171</Y>
        <Width>194</Width>
        <Height>443</Height>
        <NumofQuestion>15</NumofQuestion>
        <NumofSelection>5</NumofSelection>
        <SelectionStartingNumber>1</SelectionStartingNumber>
      </Block>
      <Block Name ="Answer 8" BlockType="ANSWER" MarkingDirection="H" Group="VOCA"  StartingQuestion="46">
        <Items type="num">
          <Item>1</Item>
          <Item>2</Item>
          <Item>3</Item>
          <Item>4</Item>
          <Item>5</Item>
        </Items>
        <X>895</X>
        <Y>1171</Y>
        <Width>194</Width>
        <Height>443</Height>
        <NumofQuestion>15</NumofQuestion>
        <NumofSelection>5</NumofSelection>
        <SelectionStartingNumber>1</SelectionStartingNumber>
      </Block>

    </Blocks>

  </OMRSheet>
  
</OMRSheets>